 ,SupLeftR,SupLeftA,SupLeftS,SupRightR,SupRightA,SupRightS,LeftR,LeftA,LeftS,RightR,RightA,RightS,InfLeftR,InfLeftA,InfLeftS,InfRightR,InfRightA,InfRightS
TrXFiducials016Closed, , , , , , , , , , , , , , , , , , 
 ,-0.09352646,0.000202035,0.047905071,0.068569436,-0.001302182,0.079075465,-0.081047921,0.000752242,-0.015585641,0.081047975,-0.000752242,0.015584753,-0.058424924,0.000214014,-0.087080568,0.083381895,0.000886134,-0.03989908
 ,-0.100027031,-0.001113432,0.047650584,0.073058167,-0.002719913,0.080934177,-0.075870306,-0.00168815,-0.028691347,0.075550315,-0.000970464,0.021688813,-0.063002312,0.006209527,-0.085753808,0.090291167,0.000282432,-0.035828418
 ,-0.098422655,-0.006184343,0.034211934,0.062533896,-0.005421459,0.087764857,-0.08474428,0.002210701,-0.026444116,0.078203073,-0.004089661,0.026625395,-0.061453433,0.017443902,-0.088934108,0.103883399,-0.00395914,-0.033223961
 ,-0.110906016,-0.004259709,0.035642837,0.062652619,-0.010970356,0.092168284,-0.086098447,0.011965492,-0.030916561,0.090005271,-0.010831335,0.028421482,-0.074098737,0.023446288,-0.086898153,0.11844531,-0.009350378,-0.038417888
 ,-0.114119858,0.004006717,0.036350492,0.073974259,-0.02034228,0.099728692,-0.101303122,0.016269208,-0.023442727,0.104350699,-0.018760489,0.02833842,-0.085561859,0.038370667,-0.08663532,0.122659881,-0.019543823,-0.054339557
 ,-0.12531203,0.00618661,0.052004447,0.096152181,-0.031536123,0.10776646,-0.108360601,0.029987199,-0.016046307,0.115868947,-0.032379679,0.01873231,-0.098029545,0.048407763,-0.087006384,0.119681048,-0.02066577,-0.075450525
 ,-0.127842676,0.020902123,0.076117784,0.118302169,-0.047560244,0.114295524,-0.116501904,0.041123039,-0.001777646,0.122486849,-0.034701464,0.010907636,-0.102953601,0.040630702,-0.086885239,0.106509164,-0.020394157,-0.112658058
 ,-0.130944817,0.026291728,0.099530816,0.135601608,-0.05827606,0.113678831,-0.115834266,0.02574262,0.00460951,0.117781544,-0.042318984,-0.02413516,-0.110982159,0.06039438,-0.068269534,0.10437809,-0.011833683,-0.125414463
 ,-0.121284442,0.00158853,0.122672716,0.140931032,-0.074805297,0.090409073,-0.115838331,0.04048242,0.04087169,0.125886703,-0.040587931,-0.023269023,-0.117751362,0.05901517,-0.087501293,0.088056399,0.014307109,-0.143183163
 ,-0.102194069,0.008905431,0.178127268,0.161065901,-0.079387361,0.108272351,-0.104277529,0.029089236,0.038317721,0.11986535,-0.019601801,-0.022324767,-0.139934004,0.041285761,-0.129289762,0.065474351,0.019708735,-0.17310281
 ,-0.089751759,-0.016014657,0.211801016,0.17082179,-0.072619607,0.141302108,-0.131203597,-0.001835792,0.016951745,0.107590445,-0.026919802,-0.03398238,-0.231050453,0.081243375,-0.131445656,0.173593575,0.036146485,-0.204626833
 ,-0.110810651,-0.048396268,0.229335936,0.185772378,-0.079550696,0.166075575,-0.234820793,0.054788346,0.045025849,0.267748494,-0.001222148,-0.045865427,-0.373555106,0.048619881,-0.142301283,0.265665678,0.025760887,-0.252270649
 ,-0.233985912,0.014425868,0.306113944,0.382141956,-0.054240537,0.194685232,-0.404068085,0.006863601,0.07645911,0.379588514,-0.021160522,-0.058358502,-0.497670752,0.030946754,-0.20367523,0.37399428,0.023164836,-0.315224554
 ,-0.457632063,-0.012587014,0.452177619,0.559647767,-0.048965671,0.277168263,-0.579139501,0.018675794,0.088529799,0.552385783,0.008573936,-0.056274541,-0.471676141,0.005939,-0.346156898,0.396414154,0.028363955,-0.415444243
TrXFiducials019Closed, , , , , , , , , , , , , , , , , , 
 ,-0.079385619,-0.004637004,0.04758249,0.068273231,0.016184287,0.066327564,-0.073829425,-0.010410509,-0.009372537,0.073829425,0.010410509,0.009372537,-0.065039576,-0.013387442,-0.075723364,0.076151964,0.001840159,-0.03818669
 ,-0.087354769,-0.007094722,0.050825773,0.06922191,0.014983777,0.070702952,-0.078034058,-0.010251447,-0.019532301,0.071684718,0.005895823,0.020271395,-0.065136384,-0.000850055,-0.087252273,0.089618583,-0.002683376,-0.035015546
 ,-0.097442813,-0.010679658,0.043071945,0.060227524,0.006325192,0.084989614,-0.083860144,-0.000778959,-0.028244633,0.079113856,-0.002709647,0.026766385,-0.060469076,0.014400036,-0.087687341,0.102430654,-0.006556965,-0.038895969
 ,-0.108993782,-0.00675588,0.038602709,0.064055718,-0.008805928,0.097014659,-0.084156614,0.009361522,-0.02451491,0.088814025,-0.012891098,0.027292878,-0.065073636,0.028996816,-0.090452685,0.105354288,-0.009905432,-0.047942649
 ,-0.110432273,-0.001311623,0.047978697,0.075502038,-0.025232015,0.103669335,-0.089919078,0.019795282,-0.022900932,0.093281948,-0.022022582,0.022795114,-0.078422122,0.038802451,-0.08159867,0.109989488,-0.010031513,-0.069943544
 ,-0.112841421,0.002939212,0.056416495,0.086479531,-0.042558223,0.106133353,-0.100332844,0.023618829,-0.007446079,0.104657174,-0.029512054,0.005234585,-0.088989931,0.041431727,-0.068682188,0.111027491,0.00408051,-0.091656166
 ,-0.117368567,0.003953697,0.082231547,0.110625802,-0.05513963,0.096335258,-0.104752731,0.023765591,0.014123411,0.117711007,-0.017777248,-0.011428748,-0.106572325,0.034968354,-0.061355296,0.100356814,0.010229236,-0.119906172
 ,-0.108351387,-0.006172967,0.115787311,0.134039777,-0.05143705,0.08794629,-0.110333973,0.006033295,0.033547519,0.115131064,-0.020921855,-0.030248115,-0.120377944,0.040878957,-0.077660183,0.089892463,0.031619621,-0.129372822
 ,-0.102768531,-0.029033042,0.159111525,0.142900255,-0.058403622,0.089599214,-0.113712535,0.008935113,0.037938587,0.115400042,-0.001153944,-0.018407983,-0.123572709,0.036889387,-0.114151544,0.081753478,0.042766109,-0.1540898
 ,-0.108495671,-0.043291418,0.188535637,0.152207018,-0.054771559,0.124419986,-0.119715368,-0.011482802,0.015475274,0.113921255,-0.004795795,-0.029969681,-0.179122,0.046666096,-0.125239277,0.141204766,0.067675477,-0.17322194
 ,-0.119570702,-0.064404297,0.206893873,0.162960952,-0.056317847,0.151938284,-0.191409842,0.005913892,0.036730847,0.195954304,0.031320077,-0.021293538,-0.260898422,0.015421643,-0.173674096,0.21296371,0.068066532,-0.200595369
TrXFiducials020Closed, , , , , , , , , , , , , , , , , , 
 ,-0.073516841,-0.009507918,0.060012071,0.071887586,0.018744893,0.062317689,-0.072702189,-0.014126449,-0.001153243,0.072702201,0.014126362,0.001152375,-0.064977456,-0.017538763,-0.079507787,0.066606699,0.008301875,-0.042821104
 ,-0.080932359,-0.012632631,0.061794411,0.073945163,0.017460857,0.064250241,-0.072704358,-0.016267259,-0.021664951,0.067452538,0.011256904,0.017411879,-0.068193123,-0.00467824,-0.079883378,0.080432139,0.004860369,-0.041908203
 ,-0.086115483,-0.018185303,0.043741945,0.060928722,0.010691397,0.084739011,-0.081382566,-0.0060268,-0.017337335,0.074546141,0.003980537,0.02250394,-0.062484381,0.01205127,-0.089325294,0.094507566,-0.002511102,-0.044322266
 ,-0.101269174,-0.012639277,0.053038135,0.065007792,-0.0019678,0.095523489,-0.081116804,0.00663855,-0.023727328,0.086293964,-0.008890258,0.02426234,-0.062727802,0.028295991,-0.083653875,0.093812024,-0.011437206,-0.065442761
 ,-0.099423408,-0.003871601,0.051820616,0.080832612,-0.020591919,0.103492481,-0.079623436,0.019447592,-0.012704032,0.088927525,-0.023334292,0.006904401,-0.078715218,0.039434088,-0.064596516,0.088001924,-0.011083868,-0.08491695
 ,-0.089265663,0.00587652,0.071232113,0.097305886,-0.041479379,0.092936977,-0.088260342,0.027999867,0.013791555,0.096281325,-0.027919204,-0.008701433,-0.097546147,0.041004655,-0.04881436,0.081484942,-0.005482458,-0.120444852
 ,-0.08300428,0.011625387,0.100905954,0.117398337,-0.049099805,0.076479743,-0.093088179,0.025747908,0.032919198,0.101330237,-0.024734669,-0.044867777,-0.111672431,0.032648644,-0.03121819,0.069036315,0.003812535,-0.134218929
 ,-0.074734663,0.004698961,0.133213625,0.133865824,-0.049466125,0.049752391,-0.094674564,0.012103079,0.064397663,0.099216185,-0.018836512,-0.046116582,-0.127936618,0.019552465,-0.058571745,0.064263837,0.031948133,-0.142675352
 ,-0.063240217,-0.010868173,0.186872077,0.144979362,-0.044094248,0.068190657,-0.098960389,-0.002868266,0.054815038,0.107443981,0.010443462,-0.035503959,-0.13566857,0.016949319,-0.123790453,0.045445833,0.030437906,-0.15058336
 ,-0.075707707,-0.041988368,0.214547983,0.162100974,-0.026651268,0.110487001,-0.118001017,-0.019155549,0.008767765,0.090669842,-0.003614681,-0.022101668,-0.204840301,0.022516318,-0.151921849,0.145778208,0.068893547,-0.159779232
 ,-0.116184096,-0.072726174,0.215542571,0.146552824,-0.053158708,0.17667495,-0.225523205,-0.020257237,0.013218707,0.21593962,0.038136208,0.003325498,-0.242109275,0.044352878,-0.209449034,0.221324132,0.063653032,-0.199312692
 ,-0.283308551,-0.094274456,0.277177531,0.270127618,-0.021070003,0.264774992,-0.304101539,-0.013276527,-0.001968016,0.276877866,0.01091895,0.010739325,-0.337075622,0.051716821,-0.3027056,0.377480227,0.065985215,-0.248018232
TrXFiducials022Closed, , , , , , , , , , , , , , , , , , 
 ,-0.510612459,0.111741983,0.327094155,0.465594518,0.157158255,0.413844612,-0.488103488,-0.022707866,-0.043375228,0.488103488,0.022708406,0.043375228,-0.481054963,-0.152882938,-0.394200066,0.526072904,-0.11601784,-0.346738701
 ,-0.376624046,0.079246291,0.239601923,0.343529139,0.112750122,0.303598206,-0.371424311,-0.016784566,-0.019203464,0.371539383,0.010411018,0.015809043,-0.371486426,-0.104432298,-0.281498037,0.404466262,-0.081190568,-0.258307671
 ,-0.30194859,0.063844964,0.202481551,0.273222025,0.084898617,0.229586732,-0.301996677,-0.00400815,-0.000575653,0.298712602,0.0139846,0.017377333,-0.278868822,-0.089410136,-0.226418558,0.310879463,-0.069309894,-0.222451405
 ,-0.24482259,0.057187308,0.185022245,0.22817085,0.071354648,0.199158275,-0.226611911,-0.010057498,0.007195439,0.237750934,0.005769263,0.010319142,-0.227771831,-0.073032516,-0.196282138,0.233284548,-0.051221205,-0.205412962
 ,-0.182968387,0.033885477,0.170070443,0.197639041,0.046857624,0.172630735,-0.183919097,-0.017730968,0.003293367,0.193978241,0.000146317,-0.004190564,-0.199782166,-0.041928415,-0.157247099,0.17505237,-0.021230034,-0.184556882
 ,-0.149108825,0.005334203,0.149058126,0.176257031,0.020726368,0.142614536,-0.16276677,-0.015499558,0.010834378,0.159962044,0.002321542,-0.012679074,-0.164398735,-0.015179434,-0.138138964,0.140055255,0.002296878,-0.151689002
 ,-0.127032673,-0.015520851,0.138708289,0.150753508,-0.000181485,0.118469277,-0.128437374,-0.015245307,0.010480706,0.133618903,-0.000202714,-0.001182378,-0.137208791,0.004871192,-0.126035318,0.108306428,0.026279165,-0.140440576
 ,-0.10058381,-0.033937791,0.126412263,0.128799511,-0.020770697,0.116203322,-0.108261615,-0.016329401,0.006916941,0.106642974,0.002409444,-0.005692281,-0.097741025,0.022196284,-0.113468807,0.071143967,0.046432162,-0.130371437
 ,-0.084664754,-0.050946293,0.114361514,0.10813828,-0.034134617,0.103049069,-0.075226139,-0.016382727,0.006356666,0.076290118,0.005360647,-0.008807637,-0.108763006,0.033457676,-0.103308407,0.084225501,0.062645313,-0.111651205
 ,-0.057658825,-0.052346103,0.100060934,0.081026599,-0.032444021,0.086180787,-0.088355693,-0.006726329,-0.000317385,0.088289991,0.019989615,-0.00795369,-0.113762783,0.019817941,-0.085334075,0.090460711,0.051708896,-0.092636571
 ,-0.070670597,-0.036017978,0.086523535,0.088664292,-0.011920124,0.079635567,-0.093587861,-0.012074974,0.009838248,0.090622288,0.016690754,0.003251377,-0.120113136,0.006110467,-0.084502835,0.105085015,0.037211854,-0.094745893
TrXFiducials024Closed, , , , , , , , , , , , , , , , , , 
 ,-0.439941883,0.08260913,0.222394861,0.315572975,0.138262583,0.330720682,-0.377757429,-0.027826476,-0.054162911,0.377757429,0.027826978,0.054162911,-0.294685812,-0.127809471,-0.304224985,0.41905472,-0.093062743,-0.248890558
 ,-0.392691875,0.071349055,0.211016741,0.303038324,0.122598594,0.31077063,-0.316193799,-0.020722184,-0.019257667,0.341067718,0.011275,0.031698091,-0.307323554,-0.099853202,-0.270960073,0.372103185,-0.084647264,-0.263267722
 ,-0.322907874,0.062040852,0.231894843,0.284581857,0.091615018,0.278991925,-0.314709337,-0.01109789,-0.000747146,0.313267132,0.002956563,0.006362694,-0.308989189,-0.077251033,-0.247625464,0.348757411,-0.068263509,-0.268876852
 ,-0.241314281,0.039729627,0.208316431,0.229988913,0.050277647,0.213652443,-0.237021247,-0.009919029,0.023031559,0.256624755,-0.003173794,0.00708216,-0.23521502,-0.039004188,-0.209675667,0.22693688,-0.037910262,-0.242406925
 ,-0.184693447,0.0118644,0.198793936,0.209215381,0.017246815,0.186066984,-0.183252154,-0.011344338,0.01310332,0.1855257,-0.010471431,-0.013014853,-0.207704286,-0.01138039,-0.169892638,0.180908805,0.004084944,-0.215056749
 ,-0.142742535,-0.012202743,0.170830164,0.16977786,-0.011462999,0.148696347,-0.163464468,-0.012233295,0.015750437,0.165865277,0.000872785,-0.02252384,-0.17140079,0.01304606,-0.137678192,0.141964655,0.021980191,-0.175074917
 ,-0.131388366,-0.027310057,0.148998056,0.160317022,-0.015701284,0.115096433,-0.138418001,-0.004918749,0.013097918,0.139146932,0.002994701,-0.020026409,-0.142501972,0.020492499,-0.122894343,0.112844385,0.02444289,-0.134271654
 ,-0.109002048,-0.029009216,0.125626427,0.135188899,-0.022047267,0.096484918,-0.112594969,-0.006653378,0.005985668,0.112048931,-0.003177976,-0.004023652,-0.115667161,0.03172649,-0.099811228,0.090026349,0.029161348,-0.124262133
 ,-0.08979587,-0.035619783,0.110329152,0.108116046,-0.032557944,0.101510912,-0.092502481,-0.00180701,0.017121785,0.088714089,-0.004066907,-0.004419533,-0.079141687,0.03544559,-0.101125635,0.064609903,0.038606055,-0.123416681
 ,-0.074431446,-0.039720361,0.114957731,0.087341164,-0.041737778,0.095727728,-0.062504223,-0.006464845,0.009397882,0.065823281,-0.003643489,-0.010501406,-0.116041874,0.036143934,-0.091783725,0.099813098,0.05542254,-0.11779821
 ,-0.049377457,-0.040974309,0.101444082,0.06722538,-0.038410726,0.083362895,-0.09802363,-0.002258489,0.009506951,0.098109711,0.015258723,-0.014130715,-0.118487769,0.020140463,-0.074687305,0.100553766,0.046244338,-0.105495908
TrXFiducials027Closed, , , , , , , , , , , , , , , , , , 
 ,-0.281490009,0.228335468,0.160087342,0.367584951,-0.002427859,0.153793935,-0.32453748,0.115381664,0.003146704,0.32453748,-0.115381664,-0.003146704,-0.352703236,-0.002031143,-0.162086056,0.266608294,-0.223876467,-0.151795221
 ,-0.329404889,0.268812427,0.203317477,0.440499331,-0.0049089,0.195852513,-0.362813872,0.129542511,0.007325632,0.371786274,-0.133600672,0.019532168,-0.411469486,0.010630073,-0.199359755,0.29140264,-0.270475439,-0.226668034
 ,-0.36869581,0.316328345,0.263177572,0.531312673,-0.006066223,0.278132629,-0.428307104,0.170640648,0.009953281,0.432829229,-0.173760788,-0.023503945,-0.499403316,0.033275629,-0.215789523,0.33226433,-0.340417611,-0.311970014
 ,-0.469228463,0.43062049,0.374095576,0.707475597,-0.03998858,0.328377782,-0.566378238,0.24291737,0.065628189,0.570058187,-0.267717631,-0.065798126,-0.664393084,0.068611036,-0.25458956,0.422466002,-0.434442684,-0.44771386
 ,-0.502598621,0.474251064,0.473937579,0.786448262,-0.104956396,0.324862208,-0.613775743,0.276537377,0.110718237,0.619036129,-0.294070724,-0.108340455,-0.746649704,0.085590103,-0.276900614,0.457539678,-0.437351424,-0.524276955
 ,-0.384515989,0.36935982,0.439177281,0.651000499,-0.109929932,0.255176062,-0.496125214,0.208971155,0.113591748,0.515349438,-0.230280434,-0.094195251,-0.656162109,0.1155333,-0.222307597,0.370453374,-0.353653908,-0.491442243
 ,-0.306378981,0.28894978,0.416050613,0.584149556,-0.09777872,0.233109546,-0.447279617,0.206684667,0.120316112,0.4565793,-0.206399928,-0.116637016,-0.566853661,0.100846683,-0.181825011,0.279783403,-0.292302482,-0.471014244
 ,-0.258485145,0.256435725,0.379192621,0.517595597,-0.098251265,0.175737463,-0.361155054,0.165560015,0.119765069,0.365793266,-0.172009809,-0.128541597,-0.478330197,0.079076846,-0.15796332,0.214581533,-0.230811512,-0.388190237
 ,-0.171688727,0.180974162,0.307593013,0.388732849,-0.079266364,0.116167558,-0.262021804,0.114302251,0.093485658,0.272160164,-0.124597981,-0.084001693,-0.356570639,0.068189699,-0.12016639,0.129388157,-0.159601766,-0.313078147
 ,-0.131726491,0.124147943,0.25552753,0.310715461,-0.07372374,0.108521725,-0.21003758,0.085954727,0.078567926,0.192463013,-0.102716001,-0.081213309,-0.265221397,0.065416206,-0.108451304,0.103806995,-0.099079134,-0.252952568
 ,-0.091776563,0.080344899,0.230996837,0.236075641,-0.07333466,0.10084888,-0.136725903,0.063615485,0.078662485,0.163861906,-0.070372293,-0.039039348,-0.22035408,0.06076296,-0.146967943,0.048918999,-0.061016391,-0.224500911
 ,-0.056849484,0.057427969,0.215258643,0.19015947,-0.052676898,0.1185368,-0.125571194,0.055083898,0.029846147,0.095704783,-0.044988657,-0.033866808,-0.220640411,0.037744023,-0.117661039,0.117196837,-0.052590335,-0.212113743
 ,-0.061484971,0.051979417,0.168054773,0.129020152,-0.034176949,0.113201805,-0.143333769,0.037050842,0.041060081,0.1475235,-0.040721531,-0.040257938,-0.199910494,0.032337879,-0.102739804,0.128185582,-0.046469658,-0.179318918
 ,-0.096587186,0.036585822,0.16726674,0.156964158,-0.031211313,0.096378731,-0.145907268,0.032477353,0.041910911,0.140106558,-0.036222174,-0.024846014,-0.201267758,0.040295664,-0.127602384,0.146691496,-0.041925351,-0.153107983
 ,-0.111674671,0.017462509,0.15914374,0.141751292,-0.043409526,0.099992969,-0.160727495,0.024390017,0.008944461,0.147585955,-0.048462894,-0.013655079,-0.157291204,0.049968698,-0.127593147,0.140356123,5.12E-05,-0.126832944
 ,-0.137235475,0.005840786,0.119473454,0.133153365,-0.058050732,0.099653808,-0.134221871,0.028273119,-0.000269118,0.126812851,-0.015504198,0.000397575,-0.138025486,0.038344158,-0.123275785,0.149516616,0.001096866,-0.095979935
TrXFiducials028Closed, , , , , , , , , , , , , , , , , , 
 ,-0.08241118,0.007479189,0.054352502,0.080408284,0.006221924,0.060625576,-0.081409661,0.000628632,-0.003136095,0.081409697,-0.000628632,0.003136978,-0.076095703,-0.005218285,-0.074302484,0.078098563,-0.008482828,-0.040676478
 ,-0.090612487,0.00724699,0.061082758,0.082138058,0.005913038,0.067738458,-0.084974403,0.001043439,-0.014424433,0.078624962,-0.002420225,0.021252595,-0.074232209,0.003913235,-0.087524662,0.089056078,-0.015696477,-0.048124716
 ,-0.098444224,0.004619,0.055849796,0.073130961,0.000986475,0.093266156,-0.087178325,0.007628705,-0.020814227,0.084070617,-0.012937023,0.020506552,-0.07054857,0.017933538,-0.094753413,0.098969541,-0.018230695,-0.054054864
 ,-0.109895488,0.007338888,0.056106288,0.074791183,-0.014840611,0.100669465,-0.091960813,0.018452332,-0.023634831,0.090859211,-0.020549672,0.020257291,-0.079586993,0.030058413,-0.089121585,0.1157929,-0.02045935,-0.064276628
 ,-0.117122088,0.013873787,0.056816164,0.081684397,-0.028538697,0.104546377,-0.103666256,0.026494747,-0.014396994,0.108798381,-0.028440476,0.012620499,-0.099567289,0.044879922,-0.079952112,0.129872855,-0.028269283,-0.079633933
 ,-0.128983126,0.018934858,0.072052995,0.104989666,-0.04156155,0.101805514,-0.124469213,0.039181196,-0.000138378,0.128197545,-0.041373026,0.00021201,-0.114526951,0.048787543,-0.073529449,0.134792078,-0.023969021,-0.100402692
 ,-0.143487388,0.036693925,0.100068817,0.137751405,-0.052969521,0.100458828,-0.132420836,0.047386575,0.018378545,0.14509166,-0.033597438,-0.011533576,-0.119699282,0.024816829,-0.083901746,0.112764441,-0.02233037,-0.123470869
 ,-0.138198578,0.041067478,0.137266448,0.164129054,-0.047158117,0.104679589,-0.124339465,0.016479548,0.025840265,0.128911139,-0.034883549,-0.017267125,-0.148130274,0.026724827,-0.104525645,0.117628124,-0.002230186,-0.145993531
 ,-0.127613538,0.014523584,0.176066257,0.157394414,-0.043280389,0.127553248,-0.154387688,0.02605361,0.029352605,0.144696521,-0.00653233,-0.017315309,-0.122969096,0.011940971,-0.142288022,0.102879388,-0.002705447,-0.17336878
 ,-0.170494313,0.018077365,0.211896524,0.180014294,-0.020111386,0.157204551,-0.133673623,0.001538205,0.010744089,0.131007143,-0.01562651,-0.02568068,-0.250369324,0.00269125,-0.169515879,0.243515823,0.013431075,-0.184648605
 ,-0.158144237,0.001898462,0.252734528,0.173184013,-0.019588385,0.207137883,-0.304224298,0.003341848,0.027084509,0.314022747,0.016785996,0.008141314,-0.311455712,-0.029607447,-0.228073707,0.286617486,0.027169526,-0.267024527
 ,-0.391363878,-0.00865959,0.379920438,0.407043897,0.00870226,0.355457088,-0.400702568,-0.051210498,0.050407657,0.371652586,0.02211161,0.000106345,-0.420637382,-0.018314362,-0.371015006,0.434007346,0.04737058,-0.414876521
TrXFiducials007Closed, , , , , , , , , , , , , , , , , , 
 ,-0.680047778,0.075368082,0.494958486,0.613670813,0.264260425,0.62163069,-0.646858909,-0.094446172,-0.063336063,0.646859683,0.094446172,0.063335909,-0.572328379,-0.24634934,-0.659891196,0.638704571,-0.093279167,-0.456697825
 ,-0.47167325,0.028988506,0.328436938,0.405867942,0.157115916,0.414359699,-0.421118508,-0.074048807,-0.076211883,0.400336255,0.029780096,0.061616045,-0.354376302,-0.104514791,-0.486541896,0.440963862,-0.037320922,-0.241658903
 ,-0.359808498,-0.013251263,0.209316494,0.25669443,0.064672471,0.312756543,-0.30971838,-0.036116026,-0.098636744,0.287185505,0.014313065,0.085148278,-0.234851312,-0.002863558,-0.34813537,0.360498256,-0.02675469,-0.160449201
 ,-0.31197246,-0.020380781,0.130066357,0.185588876,0.02165541,0.283264089,-0.249565497,0.007337488,-0.077908282,0.246700206,-0.012577449,0.07854133,-0.198523871,0.036124949,-0.244338007,0.327772746,-0.032159617,-0.169625487
 ,-0.249322872,-0.002394444,0.11454683,0.162234306,-0.018910063,0.244291764,-0.206993637,0.021479232,-0.023474692,0.229468422,-0.035149714,0.038485007,-0.191246319,0.050926153,-0.194166571,0.2558601,-0.015951164,-0.179682338
 ,-0.187016947,0.000536358,0.133218785,0.166595446,-0.045343225,0.183417232,-0.174258801,0.024393635,-0.005072191,0.18797743,-0.029788963,0.006662632,-0.171335018,0.043010593,-0.123333267,0.17803789,0.007191603,-0.194893192
 ,-0.148869766,-0.001852804,0.12854646,0.160540689,-0.048133824,0.138569965,-0.146372365,0.014049198,0.027531679,0.152050656,-0.016546223,-0.03359249,-0.150428664,0.027470186,-0.081630731,0.13307945,0.025013466,-0.179424882
 ,-0.113791612,-0.010009891,0.135534799,0.152299204,-0.037290496,0.081033038,-0.117408437,0.001957019,0.03819943,0.135383405,-0.000233531,-0.048999357,-0.147229737,0.021543494,-0.048425018,0.090747178,0.024033406,-0.157342892
 ,-0.081512017,-0.01595425,0.136409408,0.147806057,-0.01794139,0.057307734,-0.108564168,0.001813463,0.057828741,0.107314665,0.004072166,-0.040975228,-0.127134415,-0.004009477,-0.076737338,0.062089878,0.032019489,-0.133833317
 ,-0.071482659,-0.011315249,0.148873852,0.123654991,-0.009273557,0.05956276,-0.088268715,-0.016578733,0.027236599,0.082775306,0.015988646,-0.024373719,-0.106287917,-0.00843853,-0.090847875,0.059608995,0.029617422,-0.120451616
 ,-0.058129883,-0.032979657,0.122541102,0.096308722,-0.003574008,0.075941254,-0.074399731,-0.025629728,0.015920589,0.075391459,0.00873165,-0.010809141,-0.123031353,-0.006188642,-0.095701957,0.083860785,0.059640386,-0.107891848
 ,-0.053116808,-0.039478199,0.10695438,0.083024731,-0.008247986,0.082660384,-0.097316897,-0.021808673,0.005503385,0.090722294,0.038021716,-0.005575708,-0.128097993,-0.01313569,-0.096700229,0.104784673,0.044648831,-0.09284221
 ,-0.085945243,-0.035475995,0.090906748,0.085574615,0.019098267,0.080800959,-0.114022205,-0.027564937,-0.002318229,0.098401607,0.025143186,0.001200861,-0.109759096,-0.013771215,-0.090168708,0.125750322,0.032570694,-0.080421631
TrXFiducials010Closed, , , , , , , , , , , , , , , , , , 
 ,-0.698723562,0.357147018,0.153356476,0.669131741,0.296314129,0.304184468,-0.683927651,0.030416444,-0.075413996,0.683927651,-0.030416444,0.075413996,-0.624902383,-0.3237024,-0.333430419,0.654494203,-0.329758747,-0.124110525
 ,-0.768786982,0.388128315,0.204367589,0.706075821,0.322536462,0.366994875,-0.705144159,0.006306708,-0.073833493,0.67433979,-0.000223429,0.151861524,-0.577338379,-0.346104752,-0.408213179,0.67085391,-0.370643304,-0.241177315
 ,-0.574158694,0.266784899,0.199562765,0.488915611,0.261752568,0.37349054,-0.475667486,-0.004794605,-0.05812088,0.486229281,-0.023704796,0.070602281,-0.462024075,-0.253072919,-0.371506246,0.536705363,-0.246965148,-0.214028462
 ,-0.415798469,0.198694139,0.199154848,0.354865279,0.18354345,0.302286782,-0.404867481,-0.000224396,-0.05192692,0.3953063,0.004669099,0.074242981,-0.380552698,-0.199032652,-0.326235341,0.451047068,-0.18764964,-0.19752235
 ,-0.380669047,0.15719165,0.184652109,0.300452131,0.161357074,0.292050019,-0.3599719,-0.012037231,-0.048843763,0.347899597,-0.002347822,0.060718868,-0.323387755,-0.143343006,-0.311724549,0.415676974,-0.160820665,-0.176852684
 ,-0.348654994,0.116477276,0.177723551,0.276166997,0.125029896,0.27443198,-0.316363005,0.00057667,-0.054315311,0.33599254,-0.01485046,0.064733002,-0.291225059,-0.095060065,-0.254374495,0.34408352,-0.132173317,-0.208198726
 ,-0.302402823,0.097075686,0.17136771,0.293174752,0.08299126,0.280054615,-0.279452767,0.009762724,-0.011279261,0.300561532,-0.024120364,0.030877585,-0.285538588,-0.054553629,-0.24726882,0.273657894,-0.111155677,-0.223751829
 ,-0.222844954,0.058578467,0.192165936,0.236728757,0.031731238,0.225568868,-0.227667049,0.007617473,0.00517986,0.215411688,-0.0372311,0.023813523,-0.194921465,-0.020000395,-0.218114524,0.193293023,-0.040695683,-0.228613662
 ,-0.183605593,0.008470499,0.181202195,0.180020992,-0.028335901,0.1964945,-0.156731894,-0.014194978,-0.002051407,0.161868609,-0.031179221,-0.010667856,-0.153853978,0.038460499,-0.189986216,0.152301864,0.026779102,-0.174991216
 ,-0.140003629,-0.04737424,0.152382354,0.135355406,-0.062053328,0.144935357,-0.137516313,-0.001865331,-0.010045349,0.12708709,-0.011961292,0.002914483,-0.123902417,0.059107544,-0.144418334,0.138979861,0.064146648,-0.145768511
 ,-0.123438699,-0.058350062,0.118390021,0.107654722,-0.067167447,0.12970859,-0.111548898,-0.005098932,0.001034339,0.118041365,-0.000697992,-0.000144848,-0.10213743,0.05886322,-0.126787142,0.111428939,0.072451214,-0.12220096
 ,-0.103290619,-0.063781702,0.107857012,0.104625267,-0.059796231,0.106789145,-0.094767637,-0.005857871,-0.007897534,0.098637084,0.006447354,-0.003744308,-0.168835101,0.057047613,-0.102302134,0.163631006,0.065940837,-0.100702181
 ,-0.084417355,-0.054409495,0.088448595,0.089177744,-0.043364642,0.092176424,-0.150898405,0.002052848,0.003713457,0.147514615,0.010035178,0.005149533,-0.140085048,0.033843201,-0.098712285,0.138708449,0.051842909,-0.090775724
 ,-0.13682462,-0.032442617,0.091780454,0.132836776,-0.025229372,0.093078166,-0.127053113,-0.003715215,-0.000776729,0.12487907,0.01255025,0.006395156,-0.142898395,0.013150555,-0.097125152,0.149060282,0.035686399,-0.093351895
 ,-0.117151778,-0.032954865,0.084500228,0.113693522,-0.01805083,0.091071823,-0.1316708,-0.017500771,-0.00378377,0.135850751,0.003148809,-0.000326337,-0.117033418,0.023855509,-0.08397754,0.116311724,0.041502148,-0.087484404
 ,-0.124119792,-0.0334937,0.07512584,0.121836363,-0.01450872,0.078304563,-0.110662356,0.004528776,0.001396635,0.103872412,0.020752887,-0.001827534,-0.116757475,0.007552728,-0.082439344,0.125830849,0.01516803,-0.070560161
TrXFiducials011Closed, , , , , , , , , , , , , , , , , , 
 ,-0.086643729,-0.007244883,0.039823072,0.07141234,0.025960473,0.070529161,-0.079028016,-0.01660282,-0.01535162,0.079028025,0.01660282,0.01535162,-0.062992265,-0.025542932,-0.079671777,0.078223646,0.006827341,-0.030680456
 ,-0.095153895,-0.010936856,0.041872909,0.072132603,0.02420799,0.074369216,-0.078181659,-0.02039907,-0.026203539,0.071281248,0.013861624,0.025648871,-0.060541409,-0.015275927,-0.09444277,0.090463113,0.008542238,-0.021244687
 ,-0.103283001,-0.019086483,0.033940387,0.053834736,0.016928892,0.088448449,-0.084739295,-0.013700956,-0.037793756,0.073999011,0.011337071,0.039153209,-0.051039744,-0.002888707,-0.108957499,0.111228293,0.007410183,-0.01479079
 ,-0.117390654,-0.016692221,0.025105662,0.049578434,0.009644059,0.106042425,-0.081943739,-0.005319343,-0.04974801,0.0887381,0.005513557,0.049301361,-0.052608912,0.015065175,-0.118248603,0.113626772,-0.008211227,-0.012452835
 ,-0.118830591,-0.008970784,0.017280413,0.062118492,0.002513761,0.122288028,-0.087731149,0.012639949,-0.055340785,0.088504323,-0.012036628,0.056819052,-0.056114019,0.033415315,-0.115671752,0.112052942,-0.027561613,-0.025374956
 ,-0.123663135,0.011682901,0.017829279,0.064918589,-0.014722405,0.137846521,-0.089831053,0.033913694,-0.0467282,0.090116917,-0.031335,0.049894377,-0.063180722,0.039090241,-0.106468352,0.121639404,-0.038629431,-0.052373624
 ,-0.124550073,0.034636736,0.032090668,0.072750945,-0.03690413,0.138030917,-0.095329751,0.040312477,-0.033410447,0.107313262,-0.044901991,0.025900836,-0.070043643,0.050530468,-0.089981288,0.10985926,-0.04367356,-0.072630686
 ,-0.12780147,0.032926154,0.060687069,0.100433555,-0.063050144,0.12748884,-0.099321951,0.044434587,-0.003028166,0.10330109,-0.061666573,0.016513663,-0.066263853,0.068058954,-0.087158427,0.089652629,-0.020702977,-0.114502979
 ,-0.11294759,0.028948387,0.120637463,0.114968477,-0.090397167,0.14261866,-0.075762916,0.055521736,0.026005392,0.099616305,-0.044320167,-0.004752526,-0.102465737,0.056686188,-0.115472626,0.076591461,-0.006438976,-0.169036364
 ,-0.060114921,0.02681315,0.186312143,0.138415592,-0.086208588,0.151493963,-0.090342702,0.028131317,0.02615803,0.112351307,-0.043326813,-0.034476499,-0.184976683,0.088413264,-0.10262048,0.084667406,-0.01382233,-0.226867157
 ,-0.050428431,-0.004102243,0.216566963,0.190918241,-0.089187056,0.144369755,-0.163108605,0.067675148,0.063231081,0.157955168,-0.054056226,-0.084708771,-0.264174077,0.080967703,-0.082470927,0.128837704,-0.001297327,-0.256988102
 ,-0.111259438,0.032765017,0.286101472,0.267950883,-0.111012629,0.111368837,-0.230628465,0.048464932,0.114011968,0.233560075,-0.048698781,-0.0921113,-0.349590277,0.059978984,-0.113574094,0.189967222,0.018502476,-0.305796883
 ,-0.175738806,0.004325793,0.398718812,0.384935979,-0.113034374,0.149750755,-0.319428024,0.018233156,0.123826703,0.332281915,-0.031864661,-0.108351521,-0.39883836,0.066392627,-0.19550433,0.176787295,0.05594746,-0.368440419
TrXFiducials012Closed, , , , , , , , , , , , , , , , , , 
 ,-0.073630954,0.003998531,0.050010493,0.067259416,0.003027099,0.051665836,-0.070445167,0.000485847,-0.000827671,0.070445229,-0.000485847,0.000827671,-0.067040776,-0.005452137,-0.056516435,0.073412253,-0.001573494,-0.045159894
 ,-0.078440162,0.004853962,0.054779521,0.069996481,0.003830223,0.056523526,-0.074853427,-0.001402067,-0.003891995,0.073122422,0.00268432,0.008072815,-0.068070024,-0.005875674,-0.074072283,0.07824471,-0.004090764,-0.041411584
 ,-0.086647567,0.001807003,0.05722651,0.068862874,0.00610146,0.069800541,-0.079518768,-0.00289439,-0.016527197,0.074245977,-0.001018596,0.017796509,-0.06374132,0.004874265,-0.082833499,0.086798804,-0.008869741,-0.045462863
 ,-0.096653285,-0.002556297,0.051010028,0.065546502,-0.000577604,0.087216624,-0.080010337,0.00563852,-0.018933626,0.078787938,-0.008859438,0.020487044,-0.067601789,0.021267379,-0.092762358,0.099930972,-0.01491256,-0.047017713
 ,-0.102592041,0.000940529,0.055185852,0.067560437,-0.014594044,0.097425131,-0.089296272,0.017686864,-0.023921694,0.090215215,-0.02107997,0.02509373,-0.067537955,0.034569443,-0.094946454,0.101650615,-0.017522822,-0.058836565
 ,-0.113192257,0.008745744,0.056648122,0.08031595,-0.033043784,0.109485336,-0.089737418,0.026944678,-0.019914521,0.092642981,-0.029209282,0.019010898,-0.074632983,0.043493379,-0.082529981,0.104603727,-0.016930735,-0.082699853
 ,-0.112462468,0.015140473,0.066058757,0.088060098,-0.046599365,0.108856256,-0.095855528,0.033335344,-0.002785333,0.101210631,-0.033099417,-0.002972103,-0.092129084,0.044692887,-0.065960184,0.111176351,-0.013469922,-0.103197394
 ,-0.113062341,0.014188884,0.094497662,0.108769475,-0.060594852,0.09428742,-0.108867587,0.02697375,0.023383514,0.119987605,-0.038498482,-0.018533362,-0.113780666,0.061687669,-0.065627432,0.106953515,-0.00375697,-0.128007802
 ,-0.108625568,0.006450688,0.137024358,0.137750444,-0.064034004,0.091898387,-0.113914784,0.043822253,0.041198864,0.123718484,-0.026632732,-0.025957257,-0.133931476,0.035498233,-0.097390207,0.0950029,0.004895563,-0.146774145
 ,-0.105619501,0.023028476,0.186608327,0.157198424,-0.054893412,0.11233492,-0.127757587,0.013822266,0.033331421,0.125439528,-0.020023711,-0.021286286,-0.210859265,0.03878902,-0.128101896,0.161598401,-0.000722639,-0.182886486
 ,-0.123143087,-0.002768231,0.217137842,0.175888694,-0.042741131,0.152633038,-0.221288135,0.026718096,0.026481276,0.218593178,-0.019946107,-0.038220621,-0.25448763,0.025809621,-0.168720744,0.204436982,0.012927753,-0.189310791
TrXFiducials013Closed, , , , , , , , , , , , , , , , , , 
 ,-0.092466449,0.028754699,0.030228078,0.071496389,0.049591319,0.049435643,-0.081981419,-0.010418314,-0.009602554,0.081981419,0.010418331,0.009602554,-0.06215064,-0.048241932,-0.053104641,0.083120701,-0.030104102,-0.026559079
 ,-0.096837636,0.028308298,0.033670409,0.073927297,0.050009363,0.053672251,-0.076184165,-0.011084455,-0.011636389,0.075113843,0.007805833,0.016010432,-0.05750375,-0.046399033,-0.0639048,0.081484411,-0.028640007,-0.027811903
 ,-0.093984811,0.025573605,0.036870222,0.063234357,0.045203179,0.065599022,-0.074573323,-0.011123035,-0.017443752,0.069854242,0.007331004,0.020061667,-0.052411296,-0.033454743,-0.076159334,0.087880832,-0.033530009,-0.028927825
 ,-0.095681259,0.020692559,0.038223402,0.055636936,0.040027038,0.077518203,-0.072461883,-0.002704594,-0.023293496,0.074523574,-0.002783451,0.026191425,-0.055798514,-0.012357205,-0.077328723,0.093781147,-0.042874346,-0.041310811
 ,-0.094578562,0.023187559,0.040405005,0.06035936,0.023104435,0.092567245,-0.077013641,0.013012705,-0.01655373,0.08065884,-0.019155527,0.021412885,-0.062225283,0.005354176,-0.072781095,0.092799286,-0.045503348,-0.06505031
 ,-0.093292688,0.032205364,0.058130845,0.076458318,-0.002427121,0.099005899,-0.077371466,0.023960152,-0.002403826,0.089528785,-0.030793321,0.005919177,-0.081975048,0.012176082,-0.061758983,0.086652099,-0.035121156,-0.098893112
 ,-0.083195721,0.033059444,0.087833935,0.100835382,-0.027313993,0.097011222,-0.08827182,0.020065843,0.02238649,0.09766343,-0.032086043,-0.018559133,-0.103673414,0.015701401,-0.066485352,0.076642143,-0.009426652,-0.12218716
 ,-0.08009901,0.013208525,0.125175369,0.120830554,-0.043149028,0.080927781,-0.096742629,0.008492123,0.029136664,0.098114055,-0.018662323,-0.031057086,-0.120241365,0.019451719,-0.077478808,0.078138396,0.020658985,-0.12670392
 ,-0.083603954,-0.015389633,0.140839777,0.131954704,-0.045429024,0.074250919,-0.109599244,-0.003265668,0.022897258,0.109856791,-0.001930139,-0.03155763,-0.128453791,0.023581626,-0.077771757,0.079845494,0.042432838,-0.128658566
 ,-0.098043555,-0.047472158,0.144000756,0.150756596,-0.045958052,0.082264543,-0.119419199,-0.017035033,0.029870989,0.116732401,0.00433683,-0.027820046,-0.136962793,0.033894035,-0.098813856,0.08693655,0.072234378,-0.129502386
 ,-0.107567024,-0.071446378,0.168421717,0.159008814,-0.047321103,0.103298143,-0.127370821,-0.013955941,0.023157953,0.12537426,0.029323923,-0.011484289,-0.135108513,0.031697242,-0.13465789,0.085663283,0.071702257,-0.148735635
TrXFiducials015Closed, , , , , , , , , , , , , , , , , , 
 ,-0.095278495,-0.009916889,0.106415232,0.105282762,-0.01131495,0.086346549,-0.100280628,0.000699031,0.010034342,0.100280628,-0.000699031,-0.010034342,-0.098869562,0.004382354,-0.074971043,0.088865294,0.016849485,-0.117790738
 ,-0.099889464,-0.015817292,0.113747714,0.122063851,-0.017364472,0.091538485,-0.098327891,-0.011741102,0.019675572,0.109430947,0.002055785,-0.027711313,-0.111496462,0.002697146,-0.064789661,0.078219019,0.040169935,-0.132460796
 ,-0.091346077,-0.037342124,0.135883344,0.137986575,-0.022112559,0.083575774,-0.10588208,-0.021404599,0.042647185,0.10353358,0.019959389,-0.032050964,-0.117540075,-0.005804174,-0.0826358,0.073248078,0.066704067,-0.14741954
 ,-0.09424813,-0.051378547,0.173754225,0.136700272,-0.00576139,0.09137539,-0.107104835,-0.03417404,0.03558927,0.103300724,0.045789715,-0.035855727,-0.113503074,-0.018631783,-0.113372645,0.074855043,0.064156045,-0.151490513
 ,-0.09446507,-0.07466028,0.204599483,0.149671625,0.018122852,0.121700792,-0.101889042,-0.056626368,0.031756761,0.116665679,0.039433577,-0.012471968,-0.192801887,-0.051782935,-0.171739227,0.122818694,0.125513154,-0.173845841
 ,-0.104543888,-0.107585905,0.240350635,0.15968001,0.00854672,0.186879874,-0.214453874,-0.101730388,-0.00566786,0.167118759,0.112613478,-0.008214672,-0.221118902,-0.051464647,-0.245178005,0.213317896,0.139620743,-0.168169972
 ,-0.278995819,-0.199606312,0.277503763,0.227081094,0.084676345,0.274125946,-0.287835596,-0.132939238,-0.040156742,0.288354662,0.120495878,0.061978434,-0.318557844,-0.070944675,-0.327569686,0.369953502,0.198318001,-0.245881715
