SupLeftR,SupLeftA,SupLeftS,SupRightR,SupRightA,SupRightS,LeftR,LeftA,LeftS,RightR,RightA,RightS,InfLeftR,InfLeftA,InfLeftS,InfRightR,InfRightA,InfRightS,SupAntR,SupAntA,SupAntS,InfAntR,InfAntA,InfAntS
-43.1018,-12.9876,12.3067,12.6598,-4.846,17.7665,-41.6713,-20.3069,-11.7568,14.0903,-12.1653,-6.29701,-38.4589,-26.8542,-37.4694,13.7388,-20.2566,-28.7114,-15.7529,18.0215,-17.4413,-15.5977,17.7632,-33.6122
-41.6713,-20.3069,-11.7568,14.0903,-12.1653,-6.29701,-38.4589,-26.8542,-37.4694,13.7388,-20.2566,-28.7114,-34.2179,-28.7901,-63.543,16.3204,-24.5204,-47.9824,-15.426,16.977,-36.0292,-12.2515,15.4061,-52.0751
-38.4589,-26.8542,-37.4694,13.7388,-20.2566,-28.7114,-34.2179,-28.7901,-63.543,16.3204,-24.5204,-47.9824,-27.8791,-25.9747,-84.6674,22.5276,-27.9975,-68.7765,-10.8233,13.5884,-56.9332,-6.66722,14.2319,-69.8137
-34.2179,-28.7901,-63.543,16.3204,-24.5204,-47.9824,-27.8791,-25.9747,-84.6674,22.5276,-27.9975,-68.7765,-22.6947,-23.0507,-101.572,30.7623,-29.9865,-93.9833,-4.0021,14.5843,-72.9424,2.19852,16.7603,-88.2658
-27.8791,-25.9747,-84.6674,22.5276,-27.9975,-68.7765,-22.6947,-23.0507,-101.572,30.7623,-29.9865,-93.9833,-20.766,-19.4441,-122.478,33.9947,-27.6351,-120.704,5.23336,17.3607,-91.7528,8.79194,19.7299,-106.741
-22.6947,-23.0507,-101.572,30.7623,-29.9865,-93.9833,-20.766,-19.4441,-122.478,33.9947,-27.6351,-120.704,-20.324,-16.6297,-140.356,32.4921,-22.0446,-151.174,9.31157,20.8436,-111.726,10.8213,24.4483,-127.976
-20.766,-19.4441,-122.478,33.9947,-27.6351,-120.704,-20.324,-16.6297,-140.356,32.4921,-22.0446,-151.174,-21.0419,-14.2544,-159.676,29.1345,-14.6892,-176.984,11.5905,25.7676,-131.754,8.8478,28.7284,-148.732
-20.324,-16.6297,-140.356,32.4921,-22.0446,-151.174,-21.0419,-14.2544,-159.676,29.1345,-14.6892,-176.984,-26.9611,-10.3667,-176.87,20.2747,-9.87248,-198.489,10.3675,31.5261,-153.582,3.05533,35.0886,-172.238
-21.0419,-14.2544,-159.676,29.1345,-14.6892,-176.984,-26.9611,-10.3667,-176.87,20.2747,-9.87248,-198.489,-31.0244,-11.6408,-206.314,10.3792,-3.75741,-218.807,1.6752,35.7127,-176.575,-6.60335,38.6165,-194.393
-26.9611,-10.3667,-176.87,20.2747,-9.87248,-198.489,-31.0244,-11.6408,-206.314,10.3792,-3.75741,-218.807,-35.3862,-9.67035,-234.898,4.77147,-0.458374,-242.064,-8.59606,39.6724,-199.968,-17.3697,42.9483,-218.632
-31.0244,-11.6408,-206.314,10.3792,-3.75741,-218.807,-35.3862,-9.67035,-234.898,4.77147,-0.458374,-242.064,-48.4239,-4.45837,-264.823,7.04202,13.1898,-268.091,-19.5344,44.0251,-224.513,-24.4163,46.5146,-244.273
-35.3862,-9.67035,-234.898,4.77147,-0.458374,-242.064,-48.4239,-4.45837,-264.823,7.04202,13.1898,-268.091,-57.5034,-1.9001,-294.97,11.19,15.1446,-293.832,-26.7867,48.7565,-251.339,-29.0161,51.9598,-272.358
-48.4239,-4.45837,-264.823,7.04202,13.1898,-268.091,-57.5034,-1.9001,-294.97,11.19,15.1446,-293.832,-56.1248,2.5605,-323.379,20.034,17.5465,-320.227,-29.5237,54.7913,-280.737,-28.4573,58.4854,-302.802
-57.5034,-1.9001,-294.97,11.19,15.1446,-293.832,-56.1248,2.5605,-323.379,20.034,17.5465,-320.227,-51.0135,5.99175,-350.781,25.1453,20.9778,-347.629,-25.4639,61.5516,-311.488,-19.9183,64.5265,-336.023
-50.7815,5.65845,46.6485,24.3604,2.31665,54.9341,-49.9687,-12.2902,34.0812,25.1732,-15.632,42.3668,-46.7262,-31.7434,19.9073,23.5563,-32.0761,31.4061,-9.51882,14.0836,14.8801,-8.6189,6.37364,2.82146
-49.9687,-12.2902,34.0812,25.1732,-15.632,42.3668,-46.7262,-31.7434,19.9073,23.5563,-32.0761,31.4061,-40.2147,-49.6982,2.87119,23.3787,-50.9484,11.3814,-8.03546,2.58974,-1.82175,-6.38024,-5.89414,-15.7511
-46.7262,-31.7434,19.9073,23.5563,-32.0761,31.4061,-40.2147,-49.6982,2.87119,23.3787,-50.9484,11.3814,-39.3127,-66.1125,-17.8475,26.7158,-65.7087,-7.43625,-6.46574,-10.0057,-20.2546,-5.19825,-18.7771,-35.8112
-40.2147,-49.6982,2.87119,23.3787,-50.9484,11.3814,-39.3127,-66.1125,-17.8475,26.7158,-65.7087,-7.43625,-37.3063,-82.5177,-40.4828,31.3154,-81.5784,-29.8617,-4.53926,-23.0472,-38.9761,-1.67589,-31.0847,-54.9968
-39.3127,-66.1125,-17.8475,26.7158,-65.7087,-7.43625,-37.3063,-82.5177,-40.4828,31.3154,-81.5784,-29.8617,-33.7598,-95.2466,-65.9667,37.8858,-96.9409,-52.8921,-0.697411,-34.0065,-60.7281,4.11936,-44.0205,-76.1447
-37.3063,-82.5177,-40.4828,31.3154,-81.5784,-29.8617,-33.7598,-95.2466,-65.9667,37.8858,-96.9409,-52.8921,-30.999,-105.75,-87.9384,38.7744,-109.826,-82.8671,5.16802,-46.8787,-80.1268,5.97886,-50.6451,-93.0698
-33.7598,-95.2466,-65.9667,37.8858,-96.9409,-52.8921,-30.999,-105.75,-87.9384,38.7744,-109.826,-82.8671,-31.7311,-113.487,-116.327,35.538,-120.296,-113.498,7.57369,-53.0433,-99.0149,8.4054,-56.1193,-110.632
-30.999,-105.75,-87.9384,38.7744,-109.826,-82.8671,-31.7311,-113.487,-116.327,35.538,-120.296,-113.498,-26.7596,-117.68,-150.228,32.1799,-120.822,-151.822,8.11018,-53.9182,-114.056,7.62959,-57.3196,-130.346
-31.7311,-113.487,-116.327,35.538,-120.296,-113.498,-26.7596,-117.68,-150.228,32.1799,-120.822,-151.822,-26.2272,-107.939,-184.995,30.4101,-110.1,-182.221,6.26931,-53.6025,-137.891,4.42685,-52.577,-151.058
-26.7596,-117.68,-150.228,32.1799,-120.822,-151.822,-26.2272,-107.939,-184.995,30.4101,-110.1,-182.221,-23.3132,-94.888,-213.757,32.9557,-93.8094,-214.046,4.70646,-49.9098,-158.108,3.50423,-44.9759,-175.249
-26.2272,-107.939,-184.995,30.4101,-110.1,-182.221,-23.3132,-94.888,-213.757,32.9557,-93.8094,-214.046,-21.0066,-79.2119,-245.084,31.3351,-75.8817,-243.96,2.78256,-41.0045,-183.859,3.29703,-32.0592,-203.469
-23.3132,-94.888,-213.757,32.9557,-93.8094,-214.046,-21.0066,-79.2119,-245.084,31.3351,-75.8817,-243.96,-41.0517,-62.1876,-270.633,48.9246,-59.7808,-270.2,3.63558,-26.8664,-212.63,1.40405,-16.0336,-234.963
-21.0066,-79.2119,-245.084,31.3351,-75.8817,-243.96,-41.0517,-62.1876,-270.633,48.9246,-59.7808,-270.2,-37.7913,-52.6023,-301.516,46.2694,-47.1751,-299.123,3.34354,-10.0827,-244.231,3.19692,1.34904,-269.577
-41.0517,-62.1876,-270.633,48.9246,-59.7808,-270.2,-37.7913,-52.6023,-301.516,46.2694,-47.1751,-299.123,-43.0783,-46.9748,-333.664,54.3378,-39.4554,-332.405,2.84333,7.19442,-281.561,2.70152,14.6735,-307.751
-37.7913,-52.6023,-301.516,46.2694,-47.1751,-299.123,-43.0783,-46.9748,-333.664,54.3378,-39.4554,-332.405,-37.7482,-31.9152,-362.866,47.2228,-25.4893,-364.143,1.98879,18.2929,-322.327,3.65873,21.9633,-348.383
-43.0783,-46.9748,-333.664,54.3378,-39.4554,-332.405,-37.7482,-31.9152,-362.866,47.2228,-25.4893,-364.143,-40.1623,-30.7175,-396.071,55.9199,-27.7013,-391.366,4.1491,22.8168,-363.762,5.21087,19.0749,-389.977
-37.7482,-31.9152,-362.866,47.2228,-25.4893,-364.143,-40.1623,-30.7175,-396.071,55.9199,-27.7013,-391.366,-37.0208,-31.2247,-426.285,59.0614,-28.2084,-421.58,6.30269,16.2823,-405.475,8.56083,6.55683,-430.759
-61.0934,-46.5269,340.322,-5.59944,-34.8684,351.103,-58.4195,-49.8125,320.95,-2.92555,-38.1539,331.73,-52.7893,-52.9514,298.367,-3.20797,-41.5861,315.568,-35.6103,-7.43734,326.959,-34.2174,-5.58564,311.971
-58.4195,-49.8125,320.95,-2.92555,-38.1539,331.73,-52.7893,-52.9514,298.367,-3.20797,-41.5861,315.568,-46.9375,-51.2519,275.73,3.15523,-43.3507,300.012,-35.3838,-5.58295,306.719,-31.0212,-6.22576,295.637
-52.7893,-52.9514,298.367,-3.20797,-41.5861,315.568,-46.9375,-51.2519,275.73,3.15523,-43.3507,300.012,-36.303,-47.8399,253.273,14.9036,-44.5899,282.989,-28.3708,-4.75377,290.106,-21.3876,-5.46083,277.426
-46.9375,-51.2519,275.73,3.15523,-43.3507,300.012,-36.303,-47.8399,253.273,14.9036,-44.5899,282.989,-27.5022,-41.7243,232.722,22.3705,-48.7075,264.462,-17.8037,-3.65762,273.215,-8.34631,-2.61768,260.513
-36.303,-47.8399,253.273,14.9036,-44.5899,282.989,-27.5022,-41.7243,232.722,22.3705,-48.7075,264.462,-18.5549,-35.8451,215.649,29.0345,-53.1009,241.202,-4.21871,-2.51229,255.365,5.38245,-0.851051,242.586
-27.5022,-41.7243,232.722,22.3705,-48.7075,264.462,-18.5549,-35.8451,215.649,29.0345,-53.1009,241.202,-11.5069,-34.4761,199.85,37.371,-55.03,214.156,8.79487,-0.517003,237.684,16.6516,1.23537,223.161
-18.5549,-35.8451,215.649,29.0345,-53.1009,241.202,-11.5069,-34.4761,199.85,37.371,-55.03,214.156,-5.40784,-32.0115,186.205,37.9851,-54.7337,190.39,20.6683,0.446146,218.819,25.6131,0.506842,202.376
-11.5069,-34.4761,199.85,37.371,-55.03,214.156,-5.40784,-32.0115,186.205,37.9851,-54.7337,190.39,1.67175,-26.9522,168.188,35.0622,-45.9611,162.332,27.6126,-0.977168,196.795,28.568,1.80326,179.16
-5.40784,-32.0115,186.205,37.9851,-54.7337,190.39,1.67175,-26.9522,168.188,35.0622,-45.9611,162.332,-3.4122,-26.7305,141.252,30.6785,-38.7489,131.054,30.7963,2.40576,172.844,29.4623,4.90044,157.904
1.67175,-26.9522,168.188,35.0622,-45.9611,162.332,-3.4122,-26.7305,141.252,30.6785,-38.7489,131.054,-19.3285,-16.5918,119.593,26.0224,-33.7866,98.6962,29.3713,6.6808,149.415,22.9034,11.5234,132.3
-3.4122,-26.7305,141.252,30.6785,-38.7489,131.054,-19.3285,-16.5918,119.593,26.0224,-33.7866,98.6962,-33.6042,-14.7142,99.0123,21.9095,-26.3343,74.3614,19.8585,14.0548,123.719,9.79236,17.7396,105.889
-19.3285,-16.5918,119.593,26.0224,-33.7866,98.6962,-33.6042,-14.7142,99.0123,21.9095,-26.3343,74.3614,-47.8312,-13.3372,71.7946,16.6961,-18.2975,48.8061,5.3941,20.6665,98.154,-5.87579,24.2692,78.1502
-33.6042,-14.7142,99.0123,21.9095,-26.3343,74.3614,-47.8312,-13.3372,71.7946,16.6961,-18.2975,48.8061,-55.6938,-8.56882,40.1769,1.30022,-9.60302,23.0541,-10.9917,26.8971,67.7843,-18.3484,29.2464,45.4957
-47.8312,-13.3372,71.7946,16.6961,-18.2975,48.8061,-55.6938,-8.56882,40.1769,1.30022,-9.60302,23.0541,-67.323,-1.83739,11.4921,-10.329,-2.87159,-5.63075,-23.6966,30.6446,34.3341,-29.0583,27.1859,11.2976
-10.3421,-52.2856,380.559,43.3639,-52.6559,381.19,-9.12771,-53.6246,361.18,44.5783,-53.995,361.811,-7.82999,-55.8881,339.952,45.7093,-54.4096,344.281,18.3067,-12.2768,361.938,18.6138,-11.3555,347.769
-9.12771,-53.6246,361.18,44.5783,-53.995,361.811,-7.82999,-55.8881,339.952,45.7093,-54.4096,344.281,-5.37568,-57.5067,314.56,47.5626,-56.8609,326.377,18.6153,-11.7888,342.593,20.1603,-10.9701,327.252
-7.82999,-55.8881,339.952,45.7093,-54.4096,344.281,-5.37568,-57.5067,314.56,47.5626,-56.8609,326.377,0.0561955,-54.8321,291.732,51.8843,-59.5639,304.598,20.4703,-11.03,323.548,25.0985,-10.0332,308.233
-5.37568,-57.5067,314.56,47.5626,-56.8609,326.377,0.0561955,-54.8321,291.732,51.8843,-59.5639,304.598,4.10606,-49.7312,267.636,58.7849,-61.5395,282.566,27.2541,-9.65653,303.237,33.0661,-7.90446,288.229
0.0561955,-54.8321,291.732,51.8843,-59.5639,304.598,4.10606,-49.7312,267.636,58.7849,-61.5395,282.566,10.7336,-44.5888,246.002,62.2681,-60.456,257.001,36.1082,-6.95733,282.906,41.2233,-4.70153,268.314
4.10606,-49.7312,267.636,58.7849,-61.5395,282.566,10.7336,-44.5888,246.002,62.2681,-60.456,257.001,15.0016,-39.9127,228.309,65.6478,-56.9865,228.261,44.5514,-4.03074,261.853,48.0333,-1.03017,246.502
10.7336,-44.5888,246.002,62.2681,-60.456,257.001,15.0016,-39.9127,228.309,65.6478,-56.9865,228.261,15.9593,-36.9938,212.073,68.209,-51.9417,202.503,49.7915,-0.0442964,239.505,51.4294,2.59938,223.19
15.0016,-39.9127,228.309,65.6478,-56.9865,228.261,15.9593,-36.9938,212.073,68.209,-51.9417,202.503,14.8376,-29.0683,191.751,65.2332,-44.0099,177.509,51.6804,3.33199,216.581,50.6201,5.67091,198.076
15.9593,-36.9938,212.073,68.209,-51.9417,202.503,14.8376,-29.0683,191.751,65.2332,-44.0099,177.509,10.5926,-30.8336,162.36,59.1434,-37.3236,151.887,49.6301,7.06312,192.495,45.2823,9.93308,173.708
14.8376,-29.0683,191.751,65.2332,-44.0099,177.509,10.5926,-30.8336,162.36,59.1434,-37.3236,151.887,-5.34223,-26.0462,131.405,66.0769,-33.6226,120.9,43.3978,11.832,166.237,36.4497,15.3327,146.718
10.5926,-30.8336,162.36,59.1434,-37.3236,151.887,-5.34223,-26.0462,131.405,66.0769,-33.6226,120.9,-10.7325,-26.1937,99.712,63.7785,-28.2852,96.369,36.1725,17.3656,138.471,30.5362,20.3394,118.148
-5.34223,-26.0462,131.405,66.0769,-33.6226,120.9,-10.7325,-26.1937,99.712,63.7785,-28.2852,96.369,-14.5768,-23.5988,71.6,59.9342,-25.6902,68.257,29.6225,22.0975,107.811,26.0889,25.4877,86.4829
-64.6507,13.2452,399.107,2.06955,21.7241,406.923,-60.3841,-2.6952,382.899,6.33615,5.78371,390.714,-52.3145,-18.0865,365.197,6.79975,-10.7058,375.999,-26.2596,28.7943,371.723,-24.2254,25.5125,360.888
-60.3841,-2.6952,382.899,6.33615,5.78371,390.714,-52.3145,-18.0865,365.197,6.79975,-10.7058,375.999,-45.0158,-31.8844,344.775,9.28882,-24.9457,358.877,-22.8679,22.4353,356.212,-20.096,17.8448,342.541
-52.3145,-18.0865,365.197,6.79975,-10.7058,375.999,-45.0158,-31.8844,344.775,9.28882,-24.9457,358.877,-36.6829,-40.2811,322.698,16.0668,-40.3094,340.457,-17.9854,15.0626,338.361,-12.2754,10.9207,326.096
-45.0158,-31.8844,344.775,9.28882,-24.9457,358.877,-36.6829,-40.2811,322.698,16.0668,-40.3094,340.457,-30.7028,-43.7452,303.306,22.9779,-54.6971,316.232,-7.94668,8.26386,321.047,-1.731,3.66234,310.008
-36.6829,-40.2811,322.698,16.0668,-40.3094,340.457,-30.7028,-43.7452,303.306,22.9779,-54.6971,316.232,-25.668,-46.3526,284.163,27.1112,-63.6674,286.795,1.93196,2.27164,304.338,5.68641,-1.33301,290.787
-30.7028,-43.7452,303.306,22.9779,-54.6971,316.232,-25.668,-46.3526,284.163,27.1112,-63.6674,286.795,-27.1238,-50.0791,265.393,26.2015,-65.036,253.65,6.42437,-1.53823,286.781,7.91722,-2.36223,274.024
-25.668,-46.3526,284.163,27.1112,-63.6674,286.795,-27.1238,-50.0791,265.393,26.2015,-65.036,253.65,-31.5409,-51.3308,239.905,20.1727,-58.5374,223.93,8.1967,-0.0870537,271.01,7.46169,0.068361,254.964
-27.1238,-50.0791,265.393,26.2015,-65.036,253.65,-31.5409,-51.3308,239.905,20.1727,-58.5374,223.93,-37.7773,-48.4222,211.61,14.8713,-48.1018,198.546,5.59266,1.4355,249.855,0.0561846,4.65944,236.818
-31.5409,-51.3308,239.905,20.1727,-58.5374,223.93,-37.7773,-48.4222,211.61,14.8713,-48.1018,198.546,-42.3006,-41.9814,187.459,7.67144,-37.4589,175.251,-2.89378,7.40219,230.023,-11.9271,12.746,212.685
-37.7773,-48.4222,211.61,14.8713,-48.1018,198.546,-42.3006,-41.9814,187.459,7.67144,-37.4589,175.251,-46.013,-31.2043,160.228,1.36634,-23.0911,153.734,-13.3614,14.8539,208.183,-21.8317,20.877,186.04
-42.3006,-41.9814,187.459,7.67144,-37.4589,175.251,-46.013,-31.2043,160.228,1.36634,-23.0911,153.734,-47.4635,-22.6462,130.644,-6.07784,-15.1469,128.005,-23.5606,23.1249,182.064,-28.3251,29.6535,160.93
-46.013,-31.2043,160.228,1.36634,-23.0911,153.734,-47.4635,-22.6462,130.644,-6.07784,-15.1469,128.005,-51.9108,-14.3951,102.988,-10.5252,-6.89575,100.348,-29.6391,32.6131,153.43,-34.5943,39.1984,128.218
-32.5488,-57.9579,246.055,16.8003,-58.3019,241.117,-33.7796,-55.3458,222.34,15.5695,-55.6898,217.402,-33.4324,-54.4395,201.424,12.7607,-51.3719,190.888,-5.24968,-4.59697,232.631,-6.86235,-1.78562,219.35
-33.7796,-55.3458,222.34,15.5695,-55.6898,217.402,-33.4324,-54.4395,201.424,12.7607,-51.3719,190.888,-36.3603,-51.2293,182.644,5.82104,-42.8976,167.598,-7.27781,-0.791225,212.624,-12.1712,2.51831,196.546
-33.4324,-54.4395,201.424,12.7607,-51.3719,190.888,-36.3603,-51.2293,182.644,5.82104,-42.8976,167.598,-38.7085,-48.087,157.409,-0.279187,-33.4821,144.36,-14.7701,3.9036,190.954,-22.1186,7.33438,173.657
-36.3603,-51.2293,182.644,5.82104,-42.8976,167.598,-38.7085,-48.087,157.409,-0.279187,-33.4821,144.36,-39.8771,-45.2483,130.202,-5.47462,-30.1276,123.24,-24.3279,9.30494,165.966,-34.0569,11.5932,147.915
-38.7085,-48.087,157.409,-0.279187,-33.4821,144.36,-39.8771,-45.2483,130.202,-5.47462,-30.1276,123.24,-54.1876,-44.4859,98.1699,-4.50608,-16.5779,97.8383,-35.4954,12.8909,140.727,-41.5711,13.6894,121.782
-39.8771,-45.2483,130.202,-5.47462,-30.1276,123.24,-54.1876,-44.4859,98.1699,-4.50608,-16.5779,97.8383,-55.0554,-37.9412,66.9852,1.50914,-13.0615,77.0118,-42.272,15.4485,113.264,-42.9784,16.1206,93.0059
-54.1876,-44.4859,98.1699,-4.50608,-16.5779,97.8383,-55.0554,-37.9412,66.9852,1.50914,-13.0615,77.0118,-58.0714,-31.8552,38.7699,9.51969,-5.42171,46.7892,-42.2226,21.8427,85.6275,-41.4981,24.8706,65.8817
-55.0554,-37.9412,66.9852,1.50914,-13.0615,77.0118,-58.0714,-31.8552,38.7699,9.51969,-5.42171,46.7892,-55.5741,-24.9923,9.55095,12.017,1.44119,17.5703,-37.6417,29.4166,57.6951,-32.4604,33.5635,36.8064
-16.7708,-27.4683,363.967,44.1249,-28.0334,375.677,-12.0829,-27.2616,340.115,48.8128,-27.8268,351.825,-3.58396,-27.4638,313.256,49.6896,-27.2113,330.981,18.8744,9.41467,346.262,20.5919,12.9344,332.961
-12.0829,-27.2616,340.115,48.8128,-27.8268,351.825,-3.58396,-27.4638,313.256,49.6896,-27.2113,330.981,0.943322,-24.6852,293.18,54.8758,-26.7705,310.745,20.6001,13.4863,328.886,24.3883,17.3955,314.898
-3.58396,-27.4638,313.256,49.6896,-27.2113,330.981,0.943322,-24.6852,293.18,54.8758,-26.7705,310.745,8.65215,-19.6433,272.497,63.3755,-26.7273,290.936,25.7875,17.6086,310.452,31.3398,20.8149,297.274
0.943322,-24.6852,293.18,54.8758,-26.7705,310.745,8.65215,-19.6433,272.497,63.3755,-26.7273,290.936,12.381,-16.0757,255.101,72.2131,-26.2671,270.166,34.7876,21.6922,292.627,42.7153,25.0777,278.13
8.65215,-19.6433,272.497,63.3755,-26.7273,290.936,12.381,-16.0757,255.101,72.2131,-26.2671,270.166,16.9607,-9.64559,236.716,77.5399,-26.495,246.112,44.7435,25.6864,274.713,50.7031,28.8655,258.248
12.381,-16.0757,255.101,72.2131,-26.2671,270.166,16.9607,-9.64559,236.716,77.5399,-26.495,246.112,19.7518,-4.66898,217.545,78.5698,-23.3303,220.667,53.1746,29.1227,253.74,56.7989,31.8733,238.897
16.9607,-9.64559,236.716,77.5399,-26.495,246.112,19.7518,-4.66898,217.545,78.5698,-23.3303,220.667,23.0862,-4.79015,196.599,74.6375,-19.8091,190.256,58.2435,33.3808,234.595,59.046,36.9961,217.105
19.7518,-4.66898,217.545,78.5698,-23.3303,220.667,23.0862,-4.79015,196.599,74.6375,-19.8091,190.256,24.1569,2.85635,180.517,71.6798,-13.082,167.907,58.3317,37.5784,212.782,56.7907,40.1893,195.038
23.0862,-4.79015,196.599,74.6375,-19.8091,190.256,24.1569,2.85635,180.517,71.6798,-13.082,167.907,23.7808,6.49987,155.279,64.2424,-2.28969,144.332,60.7823,41.7743,190.481,56.8052,46.3192,171.363
24.1569,2.85635,180.517,71.6798,-13.082,167.907,23.7808,6.49987,155.279,64.2424,-2.28969,144.332,17.3442,8.70155,125.023,54.4239,4.80653,117.114,56.0347,47.9241,164.607,49.1824,52.8807,146.7
23.7808,6.49987,155.279,64.2424,-2.28969,144.332,17.3442,8.70155,125.023,54.4239,4.80653,117.114,1.84008,21.602,101.98,64.6728,14.5994,90.6165,47.9822,55.145,140.544,39.5566,61.3339,119.842
17.3442,8.70155,125.023,54.4239,4.80653,117.114,1.84008,21.602,101.98,64.6728,14.5994,90.6165,-15.5049,20.8308,78.5598,64.4124,17.9729,64.8111,38.4376,64.242,111.959,29.4585,68.9261,88.8704
1.84008,21.602,101.98,64.6728,14.5994,90.6165,-15.5049,20.8308,78.5598,64.4124,17.9729,64.8111,-25.0505,23.2868,49.9917,63.8419,22.4932,38.6159,28.2221,71.7522,80.7306,20.5131,74.0549,54.5386
-15.5049,20.8308,78.5598,64.4124,17.9729,64.8111,-25.0505,23.2868,49.9917,63.8419,22.4932,38.6159,-16.6082,22.2862,15.8428,51.5888,24.0479,10.3996,19.7084,75.2069,41.9984,16.6222,70.3012,15.6392
-25.0505,23.2868,49.9917,63.8419,22.4932,38.6159,-16.6082,22.2862,15.8428,51.5888,24.0479,10.3996,-18.5136,22.5633,-15.3398,49.6834,24.3249,-20.783,15.6578,68.5346,4.19961,15.4248,56.9265,-20.9794
-32.8319,-62.99,358.527,21.1191,-55.3824,365.376,-30.8018,-65.0995,337.717,23.1492,-57.492,344.566,-27.5902,-66.1872,313.474,23.9978,-60.6234,327.189,-8.94465,-20.0416,342.848,-7.64046,-19.5463,328.781
-30.8018,-65.0995,337.717,23.1492,-57.492,344.566,-27.5902,-66.1872,313.474,23.9978,-60.6234,327.189,-23.1461,-62.9478,290.14,30.1772,-63.5795,308.139,-6.66591,-19.3666,324.526,-2.12681,-18.6581,310.45
-27.5902,-66.1872,313.474,23.9978,-60.6234,327.189,-23.1461,-62.9478,290.14,30.1772,-63.5795,308.139,-15.4928,-57.9814,270.691,37.8062,-64.8383,286.655,0.138269,-18.2746,307.14,7.22261,-16.1459,293.523
-23.1461,-62.9478,290.14,30.1772,-63.5795,308.139,-15.4928,-57.9814,270.691,37.8062,-64.8383,286.655,-9.61259,-51.931,250.373,42.9029,-63.9183,263.472,8.82473,-15.6511,289.577,16.4581,-12.7815,277.272
-15.4928,-57.9814,270.691,37.8062,-64.8383,286.655,-9.61259,-51.931,250.373,42.9029,-63.9183,263.472,-6.31693,-46.4825,233.547,47.6922,-60.481,236.888,18.032,-12.0107,273.009,23.9304,-8.20104,257.91
-9.61259,-51.931,250.373,42.9029,-63.9183,263.472,-6.31693,-46.4825,233.547,47.6922,-60.481,236.888,-3.32839,-41.7893,217.413,49.3706,-51.6303,211.36,26.081,-6.78277,253.965,28.0939,-3.05955,239.774
-6.31693,-46.4825,233.547,47.6922,-60.481,236.888,-3.32839,-41.7893,217.413,49.3706,-51.6303,211.36,-3.75943,-39.1355,199.533,45.2596,-44.9959,185.663,29.2447,-1.18526,233.691,28.3164,4.21576,217.872
-3.32839,-41.7893,217.413,49.3706,-51.6303,211.36,-3.75943,-39.1355,199.533,45.2596,-44.9959,185.663,-5.94312,-31.5596,175.355,39.7724,-33.5727,164.112,27.9036,6.07544,212.258,23.3516,10.8953,193.804
-3.75943,-39.1355,199.533,45.2596,-44.9959,185.663,-5.94312,-31.5596,175.355,39.7724,-33.5727,164.112,-7.91055,-25.9818,145.008,33.0588,-24.8092,137.039,23.2632,12.7788,190.178,17.8618,18.652,170.424
-5.94312,-31.5596,175.355,39.7724,-33.5727,164.112,-7.91055,-25.9818,145.008,33.0588,-24.8092,137.039,-18.3278,-15.7851,120.333,37.8431,-12.101,111.919,16.2954,20.3886,166.029,8.94581,27.4275,144.024
-7.91055,-25.9818,145.008,33.0588,-24.8092,137.039,-18.3278,-15.7851,120.333,37.8431,-12.101,111.919,-28.4042,-14.4064,89.8226,40.3096,-6.77247,85.9188,8.61161,29.4213,138.653,3.82475,36.2605,113.635
-18.3278,-15.7851,120.333,37.8431,-12.101,111.919,-28.4042,-14.4064,89.8226,40.3096,-6.77247,85.9188,-32.2091,-11.0528,61.5673,36.5047,-3.41885,57.6635,4.67145,38.6042,107.111,0.8819,45.3282,80.7234
-55.976,-72.3368,382.96,-0.163238,-61.4921,383.845,-55.6633,-74.1096,359.482,0.149448,-63.2649,360.367,-52.6982,-75.4194,329.406,-2.19028,-65.5006,343.488,-35.7704,-22.434,361.714,-36.2083,-20.7985,344.917
-55.6633,-74.1096,359.482,0.149448,-63.2649,360.367,-52.6982,-75.4194,329.406,-2.19028,-65.5006,343.488,-51.0725,-71.2431,308.426,2.48714,-67.8057,322.111,-35.8528,-20.481,341.2,-30.7979,-18.3801,325.948
-52.6982,-75.4194,329.406,-2.19028,-65.5006,343.488,-51.0725,-71.2431,308.426,2.48714,-67.8057,322.111,-44.5812,-65.0335,283.699,9.34365,-70.0355,299.157,-29.7188,-17.9386,322.248,-20.0754,-13.9993,305.599
-51.0725,-71.2431,308.426,2.48714,-67.8057,322.111,-44.5812,-65.0335,283.699,9.34365,-70.0355,299.157,-38.6579,-58.0574,264.396,11.7653,-70.8559,270.262,-16.8462,-13.2683,302.66,-10.2036,-9.97087,285.535
-44.5812,-65.0335,283.699,9.34365,-70.0355,299.157,-38.6579,-58.0574,264.396,11.7653,-70.8559,270.262,-38.3862,-52.0783,248.872,11.4884,-67.1911,242.793,-9.21273,-8.85991,282.28,-4.59551,-4.1565,263.999
-38.6579,-58.0574,264.396,11.7653,-70.8559,270.262,-38.3862,-52.0783,248.872,11.4884,-67.1911,242.793,-40.8958,-48.5636,231.952,7.4895,-61.1273,212.593,-3.30062,-2.71068,259.753,-4.65007,0.166376,242.414
-38.3862,-52.0783,248.872,11.4884,-67.1911,242.793,-40.8958,-48.5636,231.952,7.4895,-61.1273,212.593,-45.5209,-46.8462,215.99,-0.547553,-54.0227,190.356,-3.3746,1.6968,236.481,-11.095,4.68434,219.041
-40.8958,-48.5636,231.952,7.4895,-61.1273,212.593,-45.5209,-46.8462,215.99,-0.547553,-54.0227,190.356,-53.2361,-45.1183,187.467,-8.65482,-42.2431,167.959,-11.6754,6.06676,213.824,-22.9354,11.2884,194.276
-45.5209,-46.8462,215.99,-0.547553,-54.0227,190.356,-53.2361,-45.1183,187.467,-8.65482,-42.2431,167.959,-61.1647,-40.8379,148.89,-22.0458,-37.9245,143.103,-25.9351,13.3029,188.131,-39.5708,16.343,169.201
-53.2361,-45.1183,187.467,-8.65482,-42.2431,167.959,-61.1647,-40.8379,148.89,-22.0458,-37.9245,143.103,-77.4442,-33.0258,118.766,-11.7148,-24.3316,117.293,-42.8008,18.5346,162.581,-49.4443,21.8412,140.904
-61.1647,-40.8379,148.89,-22.0458,-37.9245,143.103,-77.4442,-33.0258,118.766,-11.7148,-24.3316,117.293,-79.9137,-23.406,85.613,-10.9131,-20.5324,87.1222,-52.3031,24.2588,134.168,-51.8308,27.9477,109.283
-77.4442,-33.0258,118.766,-11.7148,-24.3316,117.293,-79.9137,-23.406,85.613,-10.9131,-20.5324,87.1222,-83.8299,-15.687,49.8956,1.03504,-13.9924,56.3906,-48.9145,30.7897,100.389,-46.1938,36.8742,79.0665
-79.9137,-23.406,85.613,-10.9131,-20.5324,87.1222,-83.8299,-15.687,49.8956,1.03504,-13.9924,56.3906,-79.8139,-8.5575,16.6711,5.05101,-6.8629,23.1661,-42.498,40.1518,67.0048,-38.0379,44.4702,41.1611
-33.0082,-23.6642,-17.2122,27.28,-20.8594,-11.8547,-31.6181,-31.9675,-40.0915,28.6701,-29.1627,-34.734,-31.1828,-40.0068,-61.7576,31.015,-37.7301,-58.8265,-1.97302,14.4856,-45.4804,-0.552387,10.1174,-62.7359
-31.6181,-31.9675,-40.0915,28.6701,-29.1627,-34.734,-31.1828,-40.0068,-61.7576,31.015,-37.7301,-58.8265,-31.188,-47.3443,-83.7158,33.7715,-45.3986,-81.7744,-0.534798,9.13054,-66.9443,0.569692,4.64909,-84.8689
-31.1828,-40.0068,-61.7576,31.015,-37.7301,-58.8265,-31.188,-47.3443,-83.7158,33.7715,-45.3986,-81.7744,-28.687,-56.5795,-108.138,35.0872,-54.4059,-107.709,1.61589,3.64012,-88.4717,0.710288,-2.52195,-108.625
-31.188,-47.3443,-83.7158,33.7715,-45.3986,-81.7744,-28.687,-56.5795,-108.138,35.0872,-54.4059,-107.709,-28.8463,-65.2283,-136.083,34.4738,-62.2328,-137.337,1.06455,-2.94089,-113.074,0.833849,-8.82417,-130.611
-28.687,-56.5795,-108.138,35.0872,-54.4059,-107.709,-28.8463,-65.2283,-136.083,34.4738,-62.2328,-137.337,-31.5043,-69.2828,-162.983,31.3026,-65.8146,-167.559,0.856117,-9.9599,-136.126,-1.54707,-13.0892,-153.516
-28.8463,-65.2283,-136.083,34.4738,-62.2328,-137.337,-31.5043,-69.2828,-162.983,31.3026,-65.8146,-167.559,-31.8219,-69.2205,-191.975,27.4285,-65.8194,-194.612,-1.89076,-13.6536,-159.838,-4.353,-14.0887,-176.401
-31.5043,-69.2828,-162.983,31.3026,-65.8146,-167.559,-31.8219,-69.2205,-191.975,27.4285,-65.8194,-194.612,-33.8051,-64.6722,-222.841,21.7054,-59.8319,-226.098,-5.05108,-14.8515,-184.523,-6.12316,-13.2069,-199.643
-31.8219,-69.2205,-191.975,27.4285,-65.8194,-194.612,-33.8051,-64.6722,-222.841,21.7054,-59.8319,-226.098,-31.0876,-54.7209,-253.937,12.5359,-48.4607,-258.303,-7.54626,-10.493,-209.001,-11.0486,-5.38303,-225.746
-33.8051,-64.6722,-222.841,21.7054,-59.8319,-226.098,-31.0876,-54.7209,-253.937,12.5359,-48.4607,-258.303,-40.7433,-40.3712,-285.511,14.8206,-31.9677,-287.913,-11.0468,-2.45639,-234.143,-14.7877,6.30883,-252.685
-31.0876,-54.7209,-253.937,12.5359,-48.4607,-258.303,-40.7433,-40.3712,-285.511,14.8206,-31.9677,-287.913,-48.7351,-32.0217,-312.253,15.5034,-21.9904,-314.55,-15.7787,9.7512,-261.028,-17.7098,17.7576,-284.202
-40.7433,-40.3712,-285.511,14.8206,-31.9677,-287.913,-48.7351,-32.0217,-312.253,15.5034,-21.9904,-314.55,-57.9851,-25.68,-345.152,20.5469,-14.8342,-348.724,-20.1231,22.4443,-292.896,-22.8225,29.6936,-319.764
-48.7351,-32.0217,-312.253,15.5034,-21.9904,-314.55,-57.9851,-25.68,-345.152,20.5469,-14.8342,-348.724,-60.0884,-18.931,-378.688,18.4437,-8.08525,-382.26,-22.5227,33.1757,-329.206,-24.1572,35.6052,-357.622
-39.0944,-52.4695,-3.9821,11.1113,-48.7712,3.2164,-34.9621,-59.8082,-22.36,15.2436,-56.1099,-15.1615,-29.4418,-66.4523,-38.9772,17.9879,-64.1433,-35.3001,-10.6079,-21.3494,-24.879,-7.94702,-24.6155,-38.9245
-34.9621,-59.8082,-22.36,15.2436,-56.1099,-15.1615,-29.4418,-66.4523,-38.9772,17.9879,-64.1433,-35.3001,-28.8017,-72.1626,-57.1407,20.2275,-71.0653,-56.5856,-6.95439,-25.5722,-43.4625,-4.22349,-29.3671,-57.9743
-29.4418,-66.4523,-38.9772,17.9879,-64.1433,-35.3001,-28.8017,-72.1626,-57.1407,20.2275,-71.0653,-56.5856,-28.3551,-77.3275,-76.4157,22.9984,-76.6258,-78.0749,-4.16743,-30.404,-61.3032,-3.69813,-33.1612,-75.2645
-28.8017,-72.1626,-57.1407,20.2275,-71.0653,-56.5856,-28.3551,-77.3275,-76.4157,22.9984,-76.6258,-78.0749,-28.1672,-80.3532,-100.624,19.91,-80.2394,-104.029,-3.35984,-33.4881,-79.0651,-3.25081,-35.4614,-93.6039
-28.3551,-77.3275,-76.4157,22.9984,-76.6258,-78.0749,-28.1672,-80.3532,-100.624,19.91,-80.2394,-104.029,-31.355,-80.3579,-124.481,19.3081,-78.3417,-130.369,-3.2895,-34.7612,-98.1715,-5.19144,-35.2472,-113.235
-28.1672,-80.3532,-100.624,19.91,-80.2394,-104.029,-31.355,-80.3579,-124.481,19.3081,-78.3417,-130.369,-32.5759,-76.469,-148.084,15.6313,-75.0946,-153.837,-5.86598,-34.6211,-115.845,-8.22759,-32.1622,-131.975
-31.355,-80.3579,-124.481,19.3081,-78.3417,-130.369,-32.5759,-76.469,-148.084,15.6313,-75.0946,-153.837,-33.2852,-72.0556,-171.703,11.0631,-71.3695,-173.679,-7.34319,-30.6141,-136.166,-8.43821,-27.6172,-152.716
-32.5759,-76.469,-148.084,15.6313,-75.0946,-153.837,-33.2852,-72.0556,-171.703,11.0631,-71.3695,-173.679,-33.8917,-64.4788,-192.589,6.71549,-64.9852,-197.416,-10.0931,-25.9984,-158.391,-11.1788,-22.6839,-174.03
-33.2852,-72.0556,-171.703,11.0631,-71.3695,-173.679,-33.8917,-64.4788,-192.589,6.71549,-64.9852,-197.416,-30.8978,-56.1312,-219.086,1.3142,-55.423,-224.081,-11.8788,-20.9024,-179.89,-13.3037,-16.3492,-194.822
-33.8917,-64.4788,-192.589,6.71549,-64.9852,-197.416,-30.8978,-56.1312,-219.086,1.3142,-55.423,-224.081,-44.3365,-45.4358,-244.484,9.84612,-40.5966,-251.014,-14.6272,-14.0336,-201.103,-15.7911,-7.02736,-218.068
-30.8978,-56.1312,-219.086,1.3142,-55.423,-224.081,-44.3365,-45.4358,-244.484,9.84612,-40.5966,-251.014,-49.9898,-39.248,-267.743,10.5213,-32.0367,-276.254,-17.0653,-5.26735,-223.902,-19.1035,2.48075,-243.993
-44.3365,-45.4358,-244.484,9.84612,-40.5966,-251.014,-49.9898,-39.248,-267.743,10.5213,-32.0367,-276.254,-52.4789,-31.8741,-291.993,8.03224,-24.6629,-300.504,-19.9768,5.74038,-251.121,-22.4756,12.8141,-272.196
-16.1388,72.9491,92.5095,43.9068,51.6013,91.9273,-20.1211,62.4998,77.991,39.9245,41.152,77.4088,-22.7267,51.638,62.7054,34.5655,31.1152,63.6574,15.3627,78.3653,74.499,14.086,76.6175,56.9946
-20.1211,62.4998,77.991,39.9245,41.152,77.4088,-22.7267,51.638,62.7054,34.5655,31.1152,63.6574,-26.5214,42.3639,46.5858,28.2963,20.4402,44.456,13.9238,72.2998,50.9724,11.0797,68.4763,36.1802
-22.7267,51.638,62.7054,34.5655,31.1152,63.6574,-26.5214,42.3639,46.5858,28.2963,20.4402,44.456,-31.0472,33.6196,32.2156,21.8946,9.83126,26.093,9.64608,67.4993,31.8564,4.98419,62.8059,19.1448
-26.5214,42.3639,46.5858,28.2963,20.4402,44.456,-31.0472,33.6196,32.2156,21.8946,9.83126,26.093,-35.6133,25.4994,17.298,15.0189,2.06424,8.30115,3.90417,60.726,15.0509,-1.35601,55.1724,4.92229
-31.0472,33.6196,32.2156,21.8946,9.83126,26.093,-35.6133,25.4994,17.298,15.0189,2.06424,8.30115,-41.0705,17.6571,1.3783,8.38616,-3.82037,-8.78157,-2.53372,53.5199,0.408923,-7.27242,49.2586,-10.3427
-35.6133,25.4994,17.298,15.0189,2.06424,8.30115,-41.0705,17.6571,1.3783,8.38616,-3.82037,-8.78157,-48.8956,13.0884,-15.0457,1.30138,-9.85279,-28.2052,-8.37885,49.5141,-14.9513,-13.3456,46.9716,-26.9737
-41.0705,17.6571,1.3783,8.38616,-3.82037,-8.78157,-48.8956,13.0884,-15.0457,1.30138,-9.85279,-28.2052,-55.5363,7.21055,-31.8255,-8.51721,-14.6235,-47.886,-14.8628,45.2521,-30.8679,-20.5065,43.4321,-42.4884
-48.8956,13.0884,-15.0457,1.30138,-9.85279,-28.2052,-55.5363,7.21055,-31.8255,-8.51721,-14.6235,-47.886,-63.1152,1.61681,-49.789,-18.2976,-18.4268,-64.6801,-22.9309,42.4907,-48.6105,-27.7663,39.5311,-60.4923
-55.5363,7.21055,-31.8255,-8.51721,-14.6235,-47.886,-63.1152,1.61681,-49.789,-18.2976,-18.4268,-64.6801,-71.0478,-2.25201,-67.7143,-30.2761,-21.3636,-83.8995,-30.7835,38.6394,-67.5278,-37.1102,35.7973,-79.6061
-63.1152,1.61681,-49.789,-18.2976,-18.4268,-64.6801,-71.0478,-2.25201,-67.7143,-30.2761,-21.3636,-83.8995,-76.6377,-4.33248,-86.6586,-39.2566,-20.9952,-101.296,-40.7322,35.1365,-84.4579,-49.136,32.4616,-97.5363
-71.0478,-2.25201,-67.7143,-30.2761,-21.3636,-83.8995,-76.6377,-4.33248,-86.6586,-39.2566,-20.9952,-101.296,-87.0377,-4.68722,-114.718,-53.5509,-19.8317,-124.36,-51.0451,31.293,-103.928,-59.7469,30.604,-118.522
-76.6377,-4.33248,-86.6586,-39.2566,-20.9952,-101.296,-87.0377,-4.68722,-114.718,-53.5509,-19.8317,-124.36,-101.425,-7.31135,-137.041,-50.2984,-20.9821,-151.335,-61.4236,30.2684,-123.858,-69.8573,29.0129,-140.748
-87.0377,-4.68722,-114.718,-53.5509,-19.8317,-124.36,-101.425,-7.31135,-137.041,-50.2984,-20.9821,-151.335,-111.37,-8.13979,-162.318,-53.6976,-21.9925,-175.779,-70.7013,28.8282,-145.84,-76.3785,29.2901,-163.694
-101.425,-7.31135,-137.041,-50.2984,-20.9821,-151.335,-111.37,-8.13979,-162.318,-53.6976,-21.9925,-175.779,-122.533,-6.56329,-196.499,-52.3698,-23.1425,-201.642,-78.929,29.4474,-168.789,-81.2095,31.065,-187.673
-111.37,-8.13979,-162.318,-53.6976,-21.9925,-175.779,-122.533,-6.56329,-196.499,-52.3698,-23.1425,-201.642,-121.751,-0.742324,-227.571,-54.0151,-12.1021,-227.398,-82.3392,31.2407,-194.15,-83.7596,33.4769,-215.339
-122.533,-6.56329,-196.499,-52.3698,-23.1425,-201.642,-121.751,-0.742324,-227.571,-54.0151,-12.1021,-227.398,-122.738,1.87101,-259.49,-48.1237,-7.79429,-252.407,-83.7587,33.2799,-226.871,-83.7505,31.5594,-249.639
-121.751,-0.742324,-227.571,-54.0151,-12.1021,-227.398,-122.738,1.87101,-259.49,-48.1237,-7.79429,-252.407,-120.286,5.33158,-287.954,-45.6715,-4.33372,-280.871,-82.6083,29.4383,-259.077,-79.7256,25.4303,-276.712
-56.5019,-55.3488,374.96,4.93428,-55.8232,377.327,-56.124,-57.9337,353.268,5.31214,-58.4081,355.635,-54.1189,-60.1399,326.415,4.06276,-61.3717,339.103,-26.8159,-10.043,351.569,-26.4063,-9.51927,336.425
-56.124,-57.9337,353.268,5.31214,-58.4081,355.635,-54.1189,-60.1399,326.415,4.06276,-61.3717,339.103,-50.2986,-59.1193,300.418,7.77243,-66.0932,314.43,-25.1515,-9.74116,328.966,-21.8257,-9.19458,315.508
-54.1189,-60.1399,326.415,4.06276,-61.3717,339.103,-50.2986,-59.1193,300.418,7.77243,-66.0932,314.43,-44.6594,-55.6249,275.345,12.8247,-67.8883,289.146,-18.8869,-10.0126,308.575,-13.4826,-9.37609,294.279
-50.2986,-59.1193,300.418,7.77243,-66.0932,314.43,-44.6594,-55.6249,275.345,12.8247,-67.8883,289.146,-40.7687,-51.9756,254.754,20.6646,-67.8599,262.566,-9.30787,-9.50699,288.045,-4.36977,-8.07461,274.084
-44.6594,-55.6249,275.345,12.8247,-67.8883,289.146,-40.7687,-51.9756,254.754,20.6646,-67.8599,262.566,-39.5835,-46.6596,235.799,26.7582,-67.8104,235.891,-1.48384,-7.53225,266.939,2.51384,-4.68003,252.489
-40.7687,-51.9756,254.754,20.6646,-67.8599,262.566,-39.5835,-46.6596,235.799,26.7582,-67.8104,235.891,-36.973,-44.1373,216.529,28.4897,-63.2407,209.473,5.3635,-3.86244,245.781,5.19258,-1.04215,230.257
-39.5835,-46.6596,235.799,26.7582,-67.8104,235.891,-36.973,-44.1373,216.529,28.4897,-63.2407,209.473,-33.9721,-49.4613,192.402,20.864,-60.5829,183.068,6.73512,0.633172,221.496,3.32891,2.66144,204.563
-36.973,-44.1373,216.529,28.4897,-63.2407,209.473,-33.9721,-49.4613,192.402,20.864,-60.5829,183.068,-39.1235,-47.2429,164.174,18.4209,-53.5125,155.195,2.88283,3.2907,196.349,-4.06793,3.08765,175.877
-33.9721,-49.4613,192.402,20.864,-60.5829,183.068,-39.1235,-47.2429,164.174,18.4209,-53.5125,155.195,-33.0785,-49.9582,131.15,10.3752,-52.7762,125.17,-4.05412,2.79698,170.14,-9.86871,4.79587,148.506
-39.1235,-47.2429,164.174,18.4209,-53.5125,155.195,-33.0785,-49.9582,131.15,10.3752,-52.7762,125.17,-52.2369,-49.7689,101.556,28.8462,-48.0057,99.0716,-9.848,4.26772,140.308,-13.6316,7.3352,116.048
-33.0785,-49.9582,131.15,10.3752,-52.7762,125.17,-52.2369,-49.7689,101.556,28.8462,-48.0057,99.0716,-53.1853,-54.0902,68.092,25.252,-46.6439,62.9836,-15.6418,6.52813,104.566,-18.0535,5.30504,81.576
-52.2369,-49.7689,101.556,28.8462,-48.0057,99.0716,-53.1853,-54.0902,68.092,25.252,-46.6439,62.9836,-55.2098,-50.7494,25.294,31.5845,-44.0787,20.8396,-18.0709,5.94411,69.8366,-17.6905,6.92523,46.3672
-53.1853,-54.0902,68.092,25.252,-46.6439,62.9836,-55.2098,-50.7494,25.294,31.5845,-44.0787,20.8396,-53.0558,-47.7964,-17.177,33.7385,-41.1257,-21.6314,-17.7328,8.44178,34.0579,-15.7992,11.6226,10.0476
